Gene_set	Term	Overlap	P-value	Adjusted P-value	Old P-value	Old Adjusted P-value	Odds Ratio	Combined Score	Genes
GO_Biological_Process_2021	cellular response to cytokine stimulus (GO:0071345)	5/482	0.0069168190120408	0.2076223935395611	0	0	4.535988819007687	22.5610979918269	IFITM2;CXCR4;RHOU;CRK;ZFP36L1
GO_Biological_Process_2021	cellular response to peptide (GO:1901653)	2/57	0.0089551608364968	0.2076223935395611	0	0	15.071969696969695	71.07225417227201	ITGA4;ZFP36L1
GO_Biological_Process_2021	regulation of mitotic cell cycle phase transition (GO:1901990)	3/188	0.0115892041162952	0.2076223935395611	0	0	6.81943645773433	30.398874332245907	CSNK1E;HAUS2;ZFP36L1
GO_Biological_Process_2021	negative regulation of hydrogen peroxide metabolic process (GO:0010727)	1/5	0.0124387771927725	0.2076223935395611	0	0	101.76530612244898	446.4379351400606	HP
GO_Biological_Process_2021	response to salt stress (GO:0009651)	1/5	0.0124387771927725	0.2076223935395611	0	0	101.76530612244898	446.4379351400606	ZFP36L1
GO_Biological_Process_2021	cell-cell adhesion mediated by integrin (GO:0033631)	1/5	0.0124387771927725	0.2076223935395611	0	0	101.76530612244898	446.4379351400606	ITGA4
GO_Biological_Process_2021	cellular response to salt stress (GO:0071472)	1/5	0.0124387771927725	0.2076223935395611	0	0	101.76530612244898	446.4379351400606	ZFP36L1
GO_Biological_Process_2021	chemokine (C-X-C motif) ligand 12 signaling pathway (GO:0038146)	1/5	0.0124387771927725	0.2076223935395611	0	0	101.76530612244898	446.4379351400606	CXCR4
GO_Biological_Process_2021	positive regulation of store-operated calcium channel activity (GO:1901341)	1/5	0.0124387771927725	0.2076223935395611	0	0	101.76530612244898	446.4379351400606	STIM2
GO_Biological_Process_2021	ubiquitin-dependent SMAD protein catabolic process (GO:0030579)	1/5	0.0124387771927725	0.2076223935395611	0	0	101.76530612244898	446.4379351400606	RNF111
GO_Biological_Process_2021	p38MAPK cascade (GO:0038066)	1/5	0.0124387771927725	0.2076223935395611	0	0	101.76530612244898	446.4379351400606	ZFP36L1
GO_Biological_Process_2021	negative regulation of transforming growth factor beta receptor signaling pathway (GO:0030512)	2/68	0.0125608922452035	0.2076223935395611	0	0	12.553030303030305	54.94671101969335	FBN2;LEMD3
GO_Biological_Process_2021	negative regulation of protein binding (GO:0032091)	2/74	0.0147525184670075	0.2076223935395611	0	0	11.50347222222222	48.50256694786101	ITGA4;CSNK1E
GO_Biological_Process_2021	negative regulation of erythrocyte differentiation (GO:0045647)	1/6	0.0149082847993736	0.2076223935395611	0	0	81.40816326530613	342.3895623444841	ZFP36L1
GO_Biological_Process_2021	skeletal muscle thin filament assembly (GO:0030240)	1/6	0.0149082847993736	0.2076223935395611	0	0	81.40816326530613	342.3895623444841	ACTC1
GO_Biological_Process_2021	regulation of keratinocyte apoptotic process (GO:1902172)	1/6	0.0149082847993736	0.2076223935395611	0	0	81.40816326530613	342.3895623444841	ZFP36L1
GO_Biological_Process_2021	negative regulation of cell cycle phase transition (GO:1901988)	1/7	0.0173717414502839	0.2076223935395611	0	0	67.83673469387755	274.9362107684438	ZFP36L1
GO_Biological_Process_2021	Cdc42 protein signal transduction (GO:0032488)	1/7	0.0173717414502839	0.2076223935395611	0	0	67.83673469387755	274.9362107684438	RHOU
GO_Biological_Process_2021	maintenance of protein location in extracellular region (GO:0071694)	1/7	0.0173717414502839	0.2076223935395611	0	0	67.83673469387755	274.9362107684438	FBN2
GO_Biological_Process_2021	nuclear-transcribed mRNA catabolic process, deadenylation-independent decay (GO:0031086)	1/7	0.0173717414502839	0.2076223935395611	0	0	67.83673469387755	274.9362107684438	ZFP36L1
GO_Biological_Process_2021	regulation of cell cycle G2/M phase transition (GO:1902749)	2/85	0.0191627543313976	0.2076223935395611	0	0	9.973393574297187	39.44264488506008	CSNK1E;HAUS2
GO_Biological_Process_2021	fusion of virus membrane with host plasma membrane (GO:0019064)	1/8	0.0198291614511851	0.2076223935395611	0	0	58.142857142857146	227.9549801512961	CXCR4
GO_Biological_Process_2021	skeletal myofibril assembly (GO:0014866)	1/8	0.0198291614511851	0.2076223935395611	0	0	58.142857142857146	227.9549801512961	ACTC1
GO_Biological_Process_2021	positive regulation of oligodendrocyte differentiation (GO:0048714)	1/8	0.0198291614511851	0.2076223935395611	0	0	58.142857142857146	227.9549801512961	CXCR4
GO_Biological_Process_2021	store-operated calcium entry (GO:0002115)	1/8	0.0198291614511851	0.2076223935395611	0	0	58.142857142857146	227.9549801512961	STIM2
GO_Biological_Process_2021	membrane fusion involved in viral entry into host cell (GO:0039663)	1/8	0.0198291614511851	0.2076223935395611	0	0	58.142857142857146	227.9549801512961	CXCR4
GO_Biological_Process_2021	peptidyl-proline hydroxylation to 4-hydroxy-L-proline (GO:0018401)	1/8	0.0198291614511851	0.2076223935395611	0	0	58.142857142857146	227.9549801512961	P4HA1
GO_Biological_Process_2021	actin-mediated cell contraction (GO:0070252)	1/9	0.0222805591236868	0.2076223935395611	0	0	50.87244897959184	193.52086993316271	ACTC1
GO_Biological_Process_2021	inositol metabolic process (GO:0006020)	1/9	0.0222805591236868	0.2076223935395611	0	0	50.87244897959184	193.52086993316271	ISYNA1
GO_Biological_Process_2021	regulation of ER to Golgi vesicle-mediated transport (GO:0060628)	1/9	0.0222805591236868	0.2076223935395611	0	0	50.87244897959184	193.52086993316271	SCFD1
GO_Biological_Process_2021	regulation of glucan biosynthetic process (GO:0010962)	1/9	0.0222805591236868	0.2076223935395611	0	0	50.87244897959184	193.52086993316271	PPP1R3C
GO_Biological_Process_2021	regulation of intracellular signal transduction (GO:1902531)	4/437	0.0234947797185689	0.2076223935395611	0	0	3.91946982628778	14.70184125739239	SYDE2;TMBIM4;RHOU;CRK
GO_Biological_Process_2021	ciliary basal body-plasma membrane docking (GO:0097711)	2/95	0.0235916467130086	0.2076223935395611	0	0	8.896505376344086	33.333983109146935	CSNK1E;HAUS2
GO_Biological_Process_2021	positive regulation of behavior (GO:0048520)	1/10	0.024725948817258	0.2076223935395611	0	0	45.21768707482993	167.3010120823387	NPAS2
GO_Biological_Process_2021	regulation of epithelial cell apoptotic process (GO:1904035)	1/10	0.024725948817258	0.2076223935395611	0	0	45.21768707482993	167.3010120823387	ZFP36L1
GO_Biological_Process_2021	positive regulation of monocyte differentiation (GO:0045657)	1/10	0.024725948817258	0.2076223935395611	0	0	45.21768707482993	167.3010120823387	ZFP36L1
GO_Biological_Process_2021	negative regulation of voltage-gated calcium channel activity (GO:1901386)	1/10	0.024725948817258	0.2076223935395611	0	0	45.21768707482993	167.3010120823387	CRHR1
GO_Biological_Process_2021	myelin maintenance (GO:0043217)	1/10	0.024725948817258	0.2076223935395611	0	0	45.21768707482993	167.3010120823387	CXCR4
GO_Biological_Process_2021	protein insertion into ER membrane by stop-transfer membrane-anchor sequence (GO:0045050)	1/10	0.024725948817258	0.2076223935395611	0	0	45.21768707482993	167.3010120823387	MMGT1
GO_Biological_Process_2021	regulation of transforming growth factor beta receptor signaling pathway (GO:0017015)	2/100	0.025948961945953	0.2076223935395611	0	0	8.44047619047619	30.82144266223132	LEMD3;RNF111
GO_Biological_Process_2021	regulation of cell death (GO:0010941)	2/102	0.0269177264019109	0.2076223935395611	0	0	8.270833333333334	29.898816321570965	HP;NPAS2
GO_Biological_Process_2021	cellular glucan metabolic process (GO:0006073)	1/11	0.0271653448579923	0.2076223935395611	0	0	40.69387755102041	146.73452100035948	PPP1R3C
GO_Biological_Process_2021	positive regulation of non-canonical Wnt signaling pathway (GO:2000052)	1/11	0.0271653448579923	0.2076223935395611	0	0	40.69387755102041	146.73452100035948	CSNK1E
GO_Biological_Process_2021	cellular response to UV-A (GO:0071492)	1/11	0.0271653448579923	0.2076223935395611	0	0	40.69387755102041	146.73452100035948	OPN1SW
GO_Biological_Process_2021	regulation of mRNA 3'-end processing (GO:0031440)	1/11	0.0271653448579923	0.2076223935395611	0	0	40.69387755102041	146.73452100035948	ZFP36L1
GO_Biological_Process_2021	peptidyl-proline hydroxylation (GO:0019511)	1/11	0.0271653448579923	0.2076223935395611	0	0	40.69387755102041	146.73452100035948	P4HA1
GO_Biological_Process_2021	embryonic eye morphogenesis (GO:0048048)	1/11	0.0271653448579923	0.2076223935395611	0	0	40.69387755102041	146.73452100035948	FBN2
GO_Biological_Process_2021	negative regulation of activin receptor signaling pathway (GO:0032926)	1/11	0.0271653448579923	0.2076223935395611	0	0	40.69387755102041	146.73452100035948	LEMD3
GO_Biological_Process_2021	cellular response to peptide hormone stimulus (GO:0071375)	2/106	0.0288986461861609	0.2076223935395611	0	0	7.951121794871795	28.178461808105727	CRHR1;ZFP36L1
GO_Biological_Process_2021	protein mono-ADP-ribosylation (GO:0140289)	1/12	0.029598761568907	0.2076223935395611	0	0	36.99257884972171	130.2147194065139	TIPARP
GO_Biological_Process_2021	negative regulation of oxidoreductase activity (GO:0051354)	1/12	0.029598761568907	0.2076223935395611	0	0	36.99257884972171	130.2147194065139	HP
GO_Biological_Process_2021	regulation of glycogen metabolic process (GO:0070873)	1/12	0.029598761568907	0.2076223935395611	0	0	36.99257884972171	130.2147194065139	PPP1R3C
GO_Biological_Process_2021	magnesium ion transport (GO:0015693)	1/12	0.029598761568907	0.2076223935395611	0	0	36.99257884972171	130.2147194065139	MMGT1
GO_Biological_Process_2021	protein auto-ADP-ribosylation (GO:0070213)	1/12	0.029598761568907	0.2076223935395611	0	0	36.99257884972171	130.2147194065139	TIPARP
GO_Biological_Process_2021	cellular divalent inorganic cation homeostasis (GO:0072503)	2/111	0.0314544847807964	0.2076223935395611	0	0	7.584480122324159	26.23633758944092	STIM2;MT1F
GO_Biological_Process_2021	negative regulation of autophagosome assembly (GO:1902902)	1/13	0.032026213248763	0.2076223935395611	0	0	33.90816326530612	116.6847899929619	SCFD1
GO_Biological_Process_2021	glucan biosynthetic process (GO:0009250)	1/13	0.032026213248763	0.2076223935395611	0	0	33.90816326530612	116.6847899929619	PPP1R3C
GO_Biological_Process_2021	glycogen biosynthetic process (GO:0005978)	1/13	0.032026213248763	0.2076223935395611	0	0	33.90816326530612	116.6847899929619	PPP1R3C
GO_Biological_Process_2021	negative regulation of locomotion (GO:0040013)	1/13	0.032026213248763	0.2076223935395611	0	0	33.90816326530612	116.6847899929619	CRK
GO_Biological_Process_2021	positive regulation of vascular endothelial cell proliferation (GO:1905564)	1/13	0.032026213248763	0.2076223935395611	0	0	33.90816326530612	116.6847899929619	ITGA4
GO_Biological_Process_2021	regulation of oxidoreductase activity (GO:0051341)	1/13	0.032026213248763	0.2076223935395611	0	0	33.90816326530612	116.6847899929619	HP
GO_Biological_Process_2021	entry into host (GO:0044409)	1/13	0.032026213248763	0.2076223935395611	0	0	33.90816326530612	116.6847899929619	CXCR4
GO_Biological_Process_2021	heart process (GO:0003015)	1/14	0.0344477141698711	0.2076223935395611	0	0	31.298273155416013	105.4223689491126	ACTC1
GO_Biological_Process_2021	response to UV-A (GO:0070141)	1/14	0.0344477141698711	0.2076223935395611	0	0	31.298273155416013	105.4223689491126	OPN1SW
GO_Biological_Process_2021	sequestering of extracellular ligand from receptor (GO:0035581)	1/14	0.0344477141698711	0.2076223935395611	0	0	31.298273155416013	105.4223689491126	FBN2
GO_Biological_Process_2021	T cell differentiation in thymus (GO:0033077)	1/14	0.0344477141698711	0.2076223935395611	0	0	31.298273155416013	105.4223689491126	ZFP36L1
GO_Biological_Process_2021	N-terminal protein amino acid modification (GO:0031365)	1/14	0.0344477141698711	0.2076223935395611	0	0	31.298273155416013	105.4223689491126	NAA35
GO_Biological_Process_2021	regulation of protein binding (GO:0043393)	2/118	0.0351769550093681	0.2076223935395611	0	0	7.124281609195402	23.8475644827565	CSNK1E;CRK
GO_Biological_Process_2021	negative regulation of cellular component movement (GO:0051271)	1/15	0.0368632785936063	0.2076223935395611	0	0	29.06122448979592	95.91771596133704	CRK
GO_Biological_Process_2021	cardiac myofibril assembly (GO:0055003)	1/15	0.0368632785936063	0.2076223935395611	0	0	29.06122448979592	95.91771596133704	ACTC1
GO_Biological_Process_2021	regulation of establishment of protein localization (GO:0070201)	1/15	0.0368632785936063	0.2076223935395611	0	0	29.06122448979592	95.91771596133704	SCFD1
GO_Biological_Process_2021	positive regulation of nuclear-transcribed mRNA catabolic process, deadenylation-dependent decay (GO:1900153)	1/15	0.0368632785936063	0.2076223935395611	0	0	29.06122448979592	95.91771596133704	ZFP36L1
GO_Biological_Process_2021	regulation of non-canonical Wnt signaling pathway (GO:2000050)	1/15	0.0368632785936063	0.2076223935395611	0	0	29.06122448979592	95.91771596133704	CSNK1E
GO_Biological_Process_2021	regulation of nuclear-transcribed mRNA catabolic process, deadenylation-dependent decay (GO:1900151)	1/15	0.0368632785936063	0.2076223935395611	0	0	29.06122448979592	95.91771596133704	ZFP36L1
GO_Biological_Process_2021	cellular response to organic substance (GO:0071310)	2/123	0.0379356146383277	0.2076223935395611	0	0	6.828168044077135	22.34084340876857	TIPARP;CXCR4
GO_Biological_Process_2021	extracellular matrix organization (GO:0030198)	3/300	0.0390400715124679	0.2076223935395611	0	0	4.223726627981947	13.698249489225711	FBN2;ITGA4;P4HA1
GO_Biological_Process_2021	3'-UTR-mediated mRNA destabilization (GO:0061158)	1/16	0.0392729207344652	0.2076223935395611	0	0	27.12244897959184	87.80133530116419	ZFP36L1
GO_Biological_Process_2021	regulation of activin receptor signaling pathway (GO:0032925)	1/16	0.0392729207344652	0.2076223935395611	0	0	27.12244897959184	87.80133530116419	LEMD3
GO_Biological_Process_2021	positive regulation of endothelial cell apoptotic process (GO:2000353)	1/16	0.0392729207344652	0.2076223935395611	0	0	27.12244897959184	87.80133530116419	ITGA4
GO_Biological_Process_2021	cellular response to corticosteroid stimulus (GO:0071384)	1/16	0.0392729207344652	0.2076223935395611	0	0	27.12244897959184	87.80133530116419	ZFP36L1
GO_Biological_Process_2021	dendritic cell chemotaxis (GO:0002407)	1/16	0.0392729207344652	0.2076223935395611	0	0	27.12244897959184	87.80133530116419	CXCR4
GO_Biological_Process_2021	regulation of monocyte differentiation (GO:0045655)	1/16	0.0392729207344652	0.2076223935395611	0	0	27.12244897959184	87.80133530116419	ZFP36L1
GO_Biological_Process_2021	N-terminal protein amino acid acetylation (GO:0006474)	1/16	0.0392729207344652	0.2076223935395611	0	0	27.12244897959184	87.80133530116419	NAA35
GO_Biological_Process_2021	polyol biosynthetic process (GO:0046173)	1/16	0.0392729207344652	0.2076223935395611	0	0	27.12244897959184	87.80133530116419	ISYNA1
GO_Biological_Process_2021	regulation of stem cell proliferation (GO:0072091)	1/17	0.0416766547912334	0.2076223935395611	0	0	25.426020408163264	80.79916728086499	ZFP36L1
GO_Biological_Process_2021	negative regulation of viral entry into host cell (GO:0046597)	1/17	0.0416766547912334	0.2076223935395611	0	0	25.426020408163264	80.79916728086499	IFITM2
GO_Biological_Process_2021	tail-anchored membrane protein insertion into ER membrane (GO:0071816)	1/17	0.0416766547912334	0.2076223935395611	0	0	25.426020408163264	80.79916728086499	MMGT1
GO_Biological_Process_2021	muscle tissue morphogenesis (GO:0060415)	1/17	0.0416766547912334	0.2076223935395611	0	0	25.426020408163264	80.79916728086499	ACTC1
GO_Biological_Process_2021	G2/M transition of mitotic cell cycle (GO:0000086)	2/130	0.0419323175536405	0.2076223935395611	0	0	6.452473958333333	20.46530163526616	CSNK1E;HAUS2
GO_Biological_Process_2021	cell cycle G2/M phase transition (GO:0044839)	2/131	0.0425157677463691	0.2076223935395611	0	0	6.4021317829457365	20.217165618082923	CSNK1E;HAUS2
GO_Biological_Process_2021	regulation of B cell differentiation (GO:0045577)	1/18	0.0440744949316926	0.2076223935395611	0	0	23.92917166866747	74.70385911458476	ZFP36L1
GO_Biological_Process_2021	regulation of vascular endothelial cell proliferation (GO:1905562)	1/18	0.0440744949316926	0.2076223935395611	0	0	23.92917166866747	74.70385911458476	ITGA4
GO_Biological_Process_2021	positive regulation of glial cell differentiation (GO:0045687)	1/18	0.0440744949316926	0.2076223935395611	0	0	23.92917166866747	74.70385911458476	CXCR4
GO_Biological_Process_2021	response to interferon-alpha (GO:0035455)	1/18	0.0440744949316926	0.2076223935395611	0	0	23.92917166866747	74.70385911458476	IFITM2
GO_Biological_Process_2021	cellular response to glucocorticoid stimulus (GO:0071385)	1/18	0.0440744949316926	0.2076223935395611	0	0	23.92917166866747	74.70385911458476	ZFP36L1
GO_Biological_Process_2021	leukocyte tethering or rolling (GO:0050901)	1/18	0.0440744949316926	0.2076223935395611	0	0	23.92917166866747	74.70385911458476	ITGA4
GO_Biological_Process_2021	cellular response to zinc ion (GO:0071294)	1/18	0.0440744949316926	0.2076223935395611	0	0	23.92917166866747	74.70385911458476	MT1F
GO_Biological_Process_2021	microtubule depolymerization (GO:0007019)	1/18	0.0440744949316926	0.2076223935395611	0	0	23.92917166866747	74.70385911458476	STMN4
GO_Biological_Process_2021	dendritic cell migration (GO:0036336)	1/18	0.0440744949316926	0.2076223935395611	0	0	23.92917166866747	74.70385911458476	CXCR4
GO_Biological_Process_2021	cellular response to copper ion (GO:0071280)	1/19	0.0464664552952436	0.2076223935395611	0	0	22.598639455782312	69.35578082800635	MT1F
GO_Biological_Process_2021	leukocyte adhesion to vascular endothelial cell (GO:0061756)	1/19	0.0464664552952436	0.2076223935395611	0	0	22.598639455782312	69.35578082800635	ITGA4
GO_Biological_Process_2021	regulation of oligodendrocyte differentiation (GO:0048713)	1/19	0.0464664552952436	0.2076223935395611	0	0	22.598639455782312	69.35578082800635	CXCR4
GO_Biological_Process_2021	regulation of small GTPase mediated signal transduction (GO:0051056)	2/141	0.0485159985807625	0.2076223935395611	0	0	5.938549160671463	17.96922826755323	SYDE2;RHOU
GO_Biological_Process_2021	eye morphogenesis (GO:0048592)	1/20	0.0488525499820277	0.2076223935395611	0	0	21.40816326530612	64.63014669364038	FBN2
GO_Biological_Process_2021	cellular response to interferon-beta (GO:0035458)	1/20	0.0488525499820277	0.2076223935395611	0	0	21.40816326530612	64.63014669364038	IFITM2
GO_Biological_Process_2021	negative regulation of viral life cycle (GO:1903901)	1/20	0.0488525499820277	0.2076223935395611	0	0	21.40816326530612	64.63014669364038	IFITM2
GO_Biological_Process_2021	regulation of lymphocyte differentiation (GO:0045619)	1/20	0.0488525499820277	0.2076223935395611	0	0	21.40816326530612	64.63014669364038	ZFP36L1
GO_Biological_Process_2021	energy reserve metabolic process (GO:0006112)	1/20	0.0488525499820277	0.2076223935395611	0	0	21.40816326530612	64.63014669364038	PPP1R3C
GO_Biological_Process_2021	negative regulation of response to wounding (GO:1903035)	1/21	0.0512327930672156	0.2076223935395611	0	0	20.336734693877556	60.42807445408675	CRK
GO_Biological_Process_2021	nuclear envelope organization (GO:0006998)	1/21	0.0512327930672156	0.2076223935395611	0	0	20.336734693877556	60.42807445408675	LEMD3
GO_Biological_Process_2021	regulation of G2/M transition of mitotic cell cycle (GO:0010389)	2/149	0.0535249876216422	0.2076223935395611	0	0	5.613095238095238	16.432935090777736	CSNK1E;HAUS2
GO_Biological_Process_2021	regulation of adenylate cyclase activity (GO:0045761)	1/22	0.0536071985992547	0.2076223935395611	0	0	19.367346938775512	56.67024999786951	CRHR1
GO_Biological_Process_2021	regulation of voltage-gated calcium channel activity (GO:1901385)	1/22	0.0536071985992547	0.2076223935395611	0	0	19.367346938775512	56.67024999786951	CRHR1
GO_Biological_Process_2021	negative regulation of myeloid cell differentiation (GO:0045638)	1/22	0.0536071985992547	0.2076223935395611	0	0	19.367346938775512	56.67024999786951	ZFP36L1
GO_Biological_Process_2021	cell projection assembly (GO:0030031)	1/22	0.0536071985992547	0.2076223935395611	0	0	19.367346938775512	56.67024999786951	RHOU
GO_Biological_Process_2021	cellular response to osmotic stress (GO:0071470)	1/22	0.0536071985992547	0.2076223935395611	0	0	19.367346938775512	56.67024999786951	ZFP36L1
GO_Biological_Process_2021	response to cytokine (GO:0034097)	2/150	0.0541636617411515	0.2076223935395611	0	0	5.574887387387387	16.25495026487543	IFITM2;CXCR4
GO_Biological_Process_2021	cellular response to organic cyclic compound (GO:0071407)	2/150	0.0541636617411515	0.2076223935395611	0	0	5.574887387387387	16.25495026487543	TIPARP;ZFP36L1
GO_Biological_Process_2021	ERK1 and ERK2 cascade (GO:0070371)	1/23	0.0559757805878795	0.2076223935395611	0	0	18.4860853432282	53.29235549319145	ZFP36L1
GO_Biological_Process_2021	positive regulation of epithelial cell apoptotic process (GO:1904037)	1/23	0.0559757805878795	0.2076223935395611	0	0	18.4860853432282	53.29235549319145	ITGA4
GO_Biological_Process_2021	response to copper ion (GO:0046688)	1/23	0.0559757805878795	0.2076223935395611	0	0	18.4860853432282	53.29235549319145	MT1F
GO_Biological_Process_2021	supramolecular fiber organization (GO:0097435)	3/351	0.0573776228581519	0.2076223935395611	0	0	3.595377842993397	10.275952639346544	ACTC1;P4HA1;STMN4
GO_Biological_Process_2021	positive regulation of cellular response to transforming growth factor beta stimulus (GO:1903846)	1/24	0.0583385530130099	0.2076223935395611	0	0	17.68145519077196	50.24171555062859	RNF111
GO_Biological_Process_2021	cardiac muscle cell development (GO:0055013)	1/24	0.0583385530130099	0.2076223935395611	0	0	17.68145519077196	50.24171555062859	ACTC1
GO_Biological_Process_2021	positive regulation of p38MAPK cascade (GO:1900745)	1/24	0.0583385530130099	0.2076223935395611	0	0	17.68145519077196	50.24171555062859	GADD45B
GO_Biological_Process_2021	regulation of keratinocyte proliferation (GO:0010837)	1/24	0.0583385530130099	0.2076223935395611	0	0	17.68145519077196	50.24171555062859	ZFP36L1
GO_Biological_Process_2021	positive regulation of transforming growth factor beta receptor signaling pathway (GO:0030511)	1/24	0.0583385530130099	0.2076223935395611	0	0	17.68145519077196	50.24171555062859	RNF111
GO_Biological_Process_2021	protein kinase B signaling (GO:0043491)	1/24	0.0583385530130099	0.2076223935395611	0	0	17.68145519077196	50.24171555062859	ZFP36L1
GO_Biological_Process_2021	regulation of epidermal cell differentiation (GO:0045604)	1/25	0.0606955298241754	0.2076223935395611	0	0	16.943877551020407	47.47480020477031	ZFP36L1
GO_Biological_Process_2021	global genome nucleotide-excision repair (GO:0070911)	1/26	0.0630467249540435	0.2076223935395611	0	0	16.26530612244898	44.95534064809558	RNF111
GO_Biological_Process_2021	negative regulation of macroautophagy (GO:0016242)	1/26	0.0630467249540435	0.2076223935395611	0	0	16.26530612244898	44.95534064809558	SCFD1
GO_Biological_Process_2021	regulation of glycogen biosynthetic process (GO:0005979)	1/26	0.0630467249540435	0.2076223935395611	0	0	16.26530612244898	44.95534064809558	PPP1R3C
GO_Biological_Process_2021	acute inflammatory response (GO:0002526)	1/27	0.0653921522588676	0.2076223935395611	0	0	15.638932496075354	42.652889831563165	HP
GO_Biological_Process_2021	negative regulation of catalytic activity (GO:0043086)	1/27	0.0653921522588676	0.2076223935395611	0	0	15.638932496075354	42.652889831563165	HP
GO_Biological_Process_2021	negative regulation of cation channel activity (GO:2001258)	1/27	0.0653921522588676	0.2076223935395611	0	0	15.638932496075354	42.652889831563165	CRHR1
GO_Biological_Process_2021	response to glucocorticoid (GO:0051384)	1/27	0.0653921522588676	0.2076223935395611	0	0	15.638932496075354	42.652889831563165	ZFP36L1
GO_Biological_Process_2021	camera-type eye development (GO:0043010)	1/27	0.0653921522588676	0.2076223935395611	0	0	15.638932496075354	42.652889831563165	FBN2
GO_Biological_Process_2021	cellular response to cadmium ion (GO:0071276)	1/27	0.0653921522588676	0.2076223935395611	0	0	15.638932496075354	42.652889831563165	MT1F
GO_Biological_Process_2021	microtubule polymerization or depolymerization (GO:0031109)	1/27	0.0653921522588676	0.2076223935395611	0	0	15.638932496075354	42.652889831563165	STMN4
GO_Biological_Process_2021	peptide hormone secretion (GO:0030072)	1/27	0.0653921522588676	0.2076223935395611	0	0	15.638932496075354	42.652889831563165	CRHR1
GO_Biological_Process_2021	protein export from nucleus (GO:0006611)	1/27	0.0653921522588676	0.2076223935395611	0	0	15.638932496075354	42.652889831563165	STRADA
GO_Biological_Process_2021	regulation of protein transport (GO:0051223)	1/28	0.0677318256109869	0.2076223935395611	0	0	15.058956916099774	40.54171043527237	SCFD1
GO_Biological_Process_2021	negative regulation of calcium ion transmembrane transporter activity (GO:1901020)	1/28	0.0677318256109869	0.2076223935395611	0	0	15.058956916099774	40.54171043527237	CRHR1
GO_Biological_Process_2021	receptor clustering (GO:0043113)	1/28	0.0677318256109869	0.2076223935395611	0	0	15.058956916099774	40.54171043527237	ITGA4
GO_Biological_Process_2021	regulation of B cell activation (GO:0050864)	1/28	0.0677318256109869	0.2076223935395611	0	0	15.058956916099774	40.54171043527237	ZFP36L1
GO_Biological_Process_2021	regulation of calcium-mediated signaling (GO:0050848)	1/28	0.0677318256109869	0.2076223935395611	0	0	15.058956916099774	40.54171043527237	TMBIM4
GO_Biological_Process_2021	glycogen metabolic process (GO:0005977)	1/28	0.0677318256109869	0.2076223935395611	0	0	15.058956916099774	40.54171043527237	PPP1R3C
GO_Biological_Process_2021	response to interferon-beta (GO:0035456)	1/28	0.0677318256109869	0.2076223935395611	0	0	15.058956916099774	40.54171043527237	IFITM2
GO_Biological_Process_2021	cellular response to epidermal growth factor stimulus (GO:0071364)	1/28	0.0677318256109869	0.2076223935395611	0	0	15.058956916099774	40.54171043527237	ZFP36L1
GO_Biological_Process_2021	leukocyte cell-cell adhesion (GO:0007159)	1/28	0.0677318256109869	0.2076223935395611	0	0	15.058956916099774	40.54171043527237	ITGA4
GO_Biological_Process_2021	cellular zinc ion homeostasis (GO:0006882)	1/28	0.0677318256109869	0.2076223935395611	0	0	15.058956916099774	40.54171043527237	MT1F
GO_Biological_Process_2021	regulation of microtubule polymerization or depolymerization (GO:0031110)	1/28	0.0677318256109869	0.2076223935395611	0	0	15.058956916099774	40.54171043527237	STMN4
GO_Biological_Process_2021	protein depolymerization (GO:0051261)	1/28	0.0677318256109869	0.2076223935395611	0	0	15.058956916099774	40.54171043527237	STMN4
GO_Biological_Process_2021	nuclear-transcribed mRNA catabolic process (GO:0000956)	2/171	0.0681810821272572	0.2076423864784652	0	0	4.876972386587771	13.097539204308813	RPS4Y1;ZFP36L1
GO_Biological_Process_2021	response to cadmium ion (GO:0046686)	1/29	0.0700657588372089	0.207980005662348	0	0	14.520408163265309	38.5999069065122	MT1F
GO_Biological_Process_2021	response to zinc ion (GO:0010043)	1/29	0.0700657588372089	0.207980005662348	0	0	14.520408163265309	38.5999069065122	MT1F
GO_Biological_Process_2021	negative regulation of wound healing (GO:0061045)	1/29	0.0700657588372089	0.207980005662348	0	0	14.520408163265309	38.5999069065122	CRK
GO_Biological_Process_2021	protein ADP-ribosylation (GO:0006471)	1/29	0.0700657588372089	0.207980005662348	0	0	14.520408163265309	38.5999069065122	TIPARP
GO_Biological_Process_2021	heterotypic cell-cell adhesion (GO:0034113)	1/30	0.0723939657090184	0.210886769674097	0	0	14.019000703729768	36.80874147674154	ITGA4
GO_Biological_Process_2021	cell projection organization (GO:0030030)	1/30	0.0723939657090184	0.210886769674097	0	0	14.019000703729768	36.80874147674154	RHOU
GO_Biological_Process_2021	zinc ion homeostasis (GO:0055069)	1/30	0.0723939657090184	0.210886769674097	0	0	14.019000703729768	36.80874147674154	MT1F
GO_Biological_Process_2021	cellular response to cAMP (GO:0071320)	1/31	0.0747164600026276	0.2136708520806851	0	0	13.551020408163266	35.15209038871121	ZFP36L1
GO_Biological_Process_2021	positive regulation of protein targeting to mitochondrion (GO:1903955)	1/31	0.0747164600026276	0.2136708520806851	0	0	13.551020408163266	35.15209038871121	RHOU
GO_Biological_Process_2021	protein acetylation (GO:0006473)	1/31	0.0747164600026276	0.2136708520806851	0	0	13.551020408163266	35.15209038871121	NAA35
GO_Biological_Process_2021	regulation of chemotaxis (GO:0050920)	1/32	0.0770332554327668	0.2163389029818422	0	0	13.113232389730086	33.61600807740255	CXCR4
GO_Biological_Process_2021	cardiac muscle tissue morphogenesis (GO:0055008)	1/32	0.0770332554327668	0.2163389029818422	0	0	13.113232389730086	33.61600807740255	ACTC1
GO_Biological_Process_2021	endodermal cell differentiation (GO:0035987)	1/32	0.0770332554327668	0.2163389029818422	0	0	13.113232389730086	33.61600807740255	ITGA4
GO_Biological_Process_2021	regulation of keratinocyte differentiation (GO:0045616)	1/34	0.0816498044624026	0.2218348421880335	0	0	12.317254174397032	30.85861216573232	ZFP36L1
GO_Biological_Process_2021	regulation of myoblast differentiation (GO:0045661)	1/34	0.0816498044624026	0.2218348421880335	0	0	12.317254174397032	30.85861216573232	ZFP36L1
GO_Biological_Process_2021	phosphatidylinositol 3-kinase signaling (GO:0014065)	1/34	0.0816498044624026	0.2218348421880335	0	0	12.317254174397032	30.85861216573232	ZFP36L1
GO_Biological_Process_2021	regulation of autophagosome assembly (GO:2000785)	1/35	0.0839495853612937	0.2218348421880335	0	0	11.95438175270108	29.61744503578088	SCFD1
GO_Biological_Process_2021	negative regulation of organelle assembly (GO:1902116)	1/35	0.0839495853612937	0.2218348421880335	0	0	11.95438175270108	29.61744503578088	SCFD1
GO_Biological_Process_2021	cellular response to amyloid-beta (GO:1904646)	1/35	0.0839495853612937	0.2218348421880335	0	0	11.95438175270108	29.61744503578088	ITGA4
GO_Biological_Process_2021	activation of adenylate cyclase activity (GO:0007190)	1/36	0.0862437219743075	0.2218348421880335	0	0	11.612244897959185	28.456712045041098	CRHR1
GO_Biological_Process_2021	positive regulation of bone mineralization (GO:0030501)	1/36	0.0862437219743075	0.2218348421880335	0	0	11.612244897959185	28.456712045041098	FBN2
GO_Biological_Process_2021	positive regulation of cytokine-mediated signaling pathway (GO:0001961)	1/36	0.0862437219743075	0.2218348421880335	0	0	11.612244897959185	28.456712045041098	CXCR4
GO_Biological_Process_2021	positive regulation of myeloid leukocyte differentiation (GO:0002763)	1/36	0.0862437219743075	0.2218348421880335	0	0	11.612244897959185	28.456712045041098	ZFP36L1
GO_Biological_Process_2021	positive regulation of substrate adhesion-dependent cell spreading (GO:1900026)	1/36	0.0862437219743075	0.2218348421880335	0	0	11.612244897959185	28.456712045041098	CRK
GO_Biological_Process_2021	regulation of mRNA processing (GO:0050684)	1/36	0.0862437219743075	0.2218348421880335	0	0	11.612244897959185	28.456712045041098	ZFP36L1
GO_Biological_Process_2021	endoderm formation (GO:0001706)	1/36	0.0862437219743075	0.2218348421880335	0	0	11.612244897959185	28.456712045041098	ITGA4
GO_Biological_Process_2021	positive regulation of calcium ion transport (GO:0051928)	1/37	0.0885322278902676	0.2218348421880335	0	0	11.289115646258503	27.36920368672352	STIM2
GO_Biological_Process_2021	regulation of transport (GO:0051049)	1/37	0.0885322278902676	0.2218348421880335	0	0	11.289115646258503	27.36920368672352	SCFD1
GO_Biological_Process_2021	regulation of erythrocyte differentiation (GO:0045646)	1/37	0.0885322278902676	0.2218348421880335	0	0	11.289115646258503	27.36920368672352	ZFP36L1
GO_Biological_Process_2021	regulation of microtubule cytoskeleton organization (GO:0070507)	1/37	0.0885322278902676	0.2218348421880335	0	0	11.289115646258503	27.36920368672352	STMN4
GO_Biological_Process_2021	regulation of p38MAPK cascade (GO:1900744)	1/37	0.0885322278902676	0.2218348421880335	0	0	11.289115646258503	27.36920368672352	GADD45B
GO_Biological_Process_2021	protein insertion into ER membrane (GO:0045048)	1/37	0.0885322278902676	0.2218348421880335	0	0	11.289115646258503	27.36920368672352	MMGT1
GO_Biological_Process_2021	actin-myosin filament sliding (GO:0033275)	1/38	0.0908151166313484	0.2218348421880335	0	0	10.983452840595698	26.34852930034076	ACTC1
GO_Biological_Process_2021	regulation of cell communication (GO:0010646)	1/38	0.0908151166313484	0.2218348421880335	0	0	10.983452840595698	26.34852930034076	CRK
GO_Biological_Process_2021	response to cAMP (GO:0051591)	1/38	0.0908151166313484	0.2218348421880335	0	0	10.983452840595698	26.34852930034076	ZFP36L1
GO_Biological_Process_2021	histone exchange (GO:0043486)	1/38	0.0908151166313484	0.2218348421880335	0	0	10.983452840595698	26.34852930034076	ACTR6
GO_Biological_Process_2021	mRNA destabilization (GO:0061157)	1/38	0.0908151166313484	0.2218348421880335	0	0	10.983452840595698	26.34852930034076	ZFP36L1
GO_Biological_Process_2021	muscle filament sliding (GO:0030049)	1/38	0.0908151166313484	0.2218348421880335	0	0	10.983452840595698	26.34852930034076	ACTC1
GO_Biological_Process_2021	regulation of protein targeting to mitochondrion (GO:1903214)	1/39	0.0930924017046572	0.2227568183647155	0	0	10.693877551020408	25.38900533231373	RHOU
GO_Biological_Process_2021	regulation of viral entry into host cell (GO:0046596)	1/39	0.0930924017046572	0.2227568183647155	0	0	10.693877551020408	25.38900533231373	IFITM2
GO_Biological_Process_2021	regulation of intracellular transport (GO:0032386)	1/39	0.0930924017046572	0.2227568183647155	0	0	10.693877551020408	25.38900533231373	SCFD1
GO_Biological_Process_2021	mitochondrial electron transport, NADH to ubiquinone (GO:0006120)	1/39	0.0930924017046572	0.2227568183647155	0	0	10.693877551020408	25.38900533231373	NDUFS5
GO_Biological_Process_2021	positive regulation of ossification (GO:0045778)	1/40	0.0953640965755271	0.2266760925106745	0	0	10.419152276295131	24.485561288951835	FBN2
GO_Biological_Process_2021	mitotic cell cycle phase transition (GO:0044772)	2/209	0.0961284696354655	0.2266760925106745	0	0	3.9740338164251208	9.30746441383207	CSNK1E;HAUS2
GO_Biological_Process_2021	regulation of response to DNA damage stimulus (GO:2001020)	1/41	0.0976302146847681	0.2266760925106745	0	0	10.158163265306122	23.633660200289185	NPAS2
GO_Biological_Process_2021	positive regulation of biomineral tissue development (GO:0070169)	1/41	0.0976302146847681	0.2266760925106745	0	0	10.158163265306122	23.633660200289185	FBN2
GO_Biological_Process_2021	heart contraction (GO:0060047)	1/41	0.0976302146847681	0.2266760925106745	0	0	10.158163265306122	23.633660200289185	ACTC1
GO_Biological_Process_2021	T cell differentiation (GO:0030217)	1/41	0.0976302146847681	0.2266760925106745	0	0	10.158163265306122	23.633660200289185	ZFP36L1
GO_Biological_Process_2021	ATP-dependent chromatin remodeling (GO:0043044)	1/42	0.0998907694703361	0.2296508376548414	0	0	9.909905425584869	22.829231064333683	ACTR6
GO_Biological_Process_2021	skeletal system morphogenesis (GO:0048705)	1/42	0.0998907694703361	0.2296508376548414	0	0	9.909905425584869	22.829231064333683	FBN2
GO_Biological_Process_2021	extracellular structure organization (GO:0043062)	2/216	0.1015881472155216	0.2298655808262007	0	0	3.842679127725857	8.78754780712842	FBN2;ITGA4
GO_Biological_Process_2021	myofibril assembly (GO:0030239)	1/43	0.1021457742794159	0.2298655808262007	0	0	9.673469387755102	22.068611238785657	ACTC1
GO_Biological_Process_2021	external encapsulating structure organization (GO:0045229)	2/217	0.1023751607426323	0.2298655808262007	0	0	3.824612403100775	8.716716836108898	FBN2;ITGA4
GO_Biological_Process_2021	response to amyloid-beta (GO:1904645)	1/44	0.1043952424647777	0.2298655808262007	0	0	9.448030374940672	21.34849709415977	ITGA4
GO_Biological_Process_2021	regulation of endothelial cell apoptotic process (GO:2000351)	1/44	0.1043952424647777	0.2298655808262007	0	0	9.448030374940672	21.34849709415977	ITGA4
GO_Biological_Process_2021	positive regulation of mRNA catabolic process (GO:0061014)	1/44	0.1043952424647777	0.2298655808262007	0	0	9.448030374940672	21.34849709415977	ZFP36L1
GO_Biological_Process_2021	positive regulation of osteoblast differentiation (GO:0045669)	1/44	0.1043952424647777	0.2298655808262007	0	0	9.448030374940672	21.34849709415977	FBN2
GO_Biological_Process_2021	neurogenesis (GO:0022008)	1/44	0.1043952424647777	0.2298655808262007	0	0	9.448030374940672	21.34849709415977	CXCR4
GO_Biological_Process_2021	embryonic organ morphogenesis (GO:0048562)	1/44	0.1043952424647777	0.2298655808262007	0	0	9.448030374940672	21.34849709415977	FBN2
GO_Biological_Process_2021	regulation of DNA repair (GO:0006282)	1/45	0.1066391873529346	0.2315452725394738	0	0	9.232838589981448	20.665901611884028	NPAS2
GO_Biological_Process_2021	cellular response to radiation (GO:0071478)	1/45	0.1066391873529346	0.2315452725394738	0	0	9.232838589981448	20.665901611884028	OPN1SW
GO_Biological_Process_2021	zymogen activation (GO:0031638)	1/45	0.1066391873529346	0.2315452725394738	0	0	9.232838589981448	20.665901611884028	HP
GO_Biological_Process_2021	regulation of cellular protein localization (GO:1903827)	1/46	0.1088776222085674	0.2352014555686382	0	0	9.02721088435374	20.01811780873028	CSNK1E
GO_Biological_Process_2021	regulation of wound healing (GO:0061041)	1/47	0.1111105603036554	0.2352014555686382	0	0	8.830523513753327	19.4026870705364	CRK
GO_Biological_Process_2021	polyol metabolic process (GO:0019751)	1/47	0.1111105603036554	0.2352014555686382	0	0	8.830523513753327	19.4026870705364	ISYNA1
GO_Biological_Process_2021	inflammatory response (GO:0006954)	2/230	0.1127586124121412	0.2352014555686382	0	0	3.6041666666666665	7.866115081211615	HP;CXCR4
GO_Biological_Process_2021	positive regulation of DNA repair (GO:0045739)	1/48	0.1133380148369131	0.2352014555686382	0	0	8.642205818497612	18.81737166641443	NPAS2
GO_Biological_Process_2021	negative regulation of mitotic cell cycle (GO:0045930)	1/48	0.1133380148369131	0.2352014555686382	0	0	8.642205818497612	18.81737166641443	ZFP36L1
GO_Biological_Process_2021	inositol phosphate metabolic process (GO:0043647)	1/48	0.1133380148369131	0.2352014555686382	0	0	8.642205818497612	18.81737166641443	ISYNA1
GO_Biological_Process_2021	substrate adhesion-dependent cell spreading (GO:0034446)	1/48	0.1133380148369131	0.2352014555686382	0	0	8.642205818497612	18.81737166641443	ITGA4
GO_Biological_Process_2021	nucleus organization (GO:0006997)	1/48	0.1133380148369131	0.2352014555686382	0	0	8.642205818497612	18.81737166641443	LEMD3
GO_Biological_Process_2021	myelination (GO:0042552)	1/48	0.1133380148369131	0.2352014555686382	0	0	8.642205818497612	18.81737166641443	CXCR4
GO_Biological_Process_2021	response to hydrogen peroxide (GO:0042542)	1/49	0.1155599990222406	0.2377089453571529	0	0	8.46173469387755	18.26013079359792	HP
GO_Biological_Process_2021	regulation of cellular localization (GO:0060341)	1/49	0.1155599990222406	0.2377089453571529	0	0	8.46173469387755	18.26013079359792	CSNK1E
GO_Biological_Process_2021	positive regulation of cell morphogenesis involved in differentiation (GO:0010770)	1/50	0.1177765260040411	0.2401616986778055	0	0	8.28862973760933	17.7290996615035	CRK
GO_Biological_Process_2021	positive regulation of ion transport (GO:0043270)	1/50	0.1177765260040411	0.2401616986778055	0	0	8.28862973760933	17.7290996615035	STIM2
GO_Biological_Process_2021	regulation of substrate adhesion-dependent cell spreading (GO:1900024)	1/51	0.1199876089220907	0.2415201226800882	0	0	8.122448979591837	17.22257115519733	CRK
GO_Biological_Process_2021	positive regulation of fat cell differentiation (GO:0045600)	1/51	0.1199876089220907	0.2415201226800882	0	0	8.122448979591837	17.22257115519733	ZFP36L1
GO_Biological_Process_2021	blood circulation (GO:0008015)	1/51	0.1199876089220907	0.2415201226800882	0	0	8.122448979591837	17.22257115519733	ACTC1
GO_Biological_Process_2021	negative regulation of BMP signaling pathway (GO:0030514)	1/52	0.1221932608707862	0.2428332175779608	0	0	7.962785114045618	16.738979733033663	LEMD3
GO_Biological_Process_2021	ameboidal-type cell migration (GO:0001667)	1/52	0.1221932608707862	0.2428332175779608	0	0	7.962785114045618	16.738979733033663	ITGA4
GO_Biological_Process_2021	response to peptide hormone (GO:0043434)	1/52	0.1221932608707862	0.2428332175779608	0	0	7.962785114045618	16.738979733033663	ZFP36L1
GO_Biological_Process_2021	heart morphogenesis (GO:0003007)	1/53	0.1243934949128716	0.2451283576224236	0	0	7.809262166405023	16.276887238960814	ACTC1
GO_Biological_Process_2021	cardiac muscle tissue development (GO:0048738)	1/53	0.1243934949128716	0.2451283576224236	0	0	7.809262166405023	16.276887238960814	ACTC1
GO_Biological_Process_2021	negative regulation of viral genome replication (GO:0045071)	1/54	0.1265883240687765	0.248409723800235	0	0	7.661532537543319	15.834970375184442	IFITM2
GO_Biological_Process_2021	positive regulation of response to DNA damage stimulus (GO:2001022)	1/55	0.1287777613922166	0.2516532087206233	0	0	7.519274376417234	15.412009607623004	NPAS2
GO_Biological_Process_2021	positive regulation of establishment of protein localization to mitochondrion (GO:1903749)	1/56	0.1309618198144747	0.2538061714586307	0	0	7.382189239332097	15.00687933540933	RHOU
GO_Biological_Process_2021	Rho protein signal transduction (GO:0007266)	1/56	0.1309618198144747	0.2538061714586307	0	0	7.382189239332097	15.00687933540933	RHOU
GO_Biological_Process_2021	regulation of bone mineralization (GO:0030500)	1/57	0.1331405122852093	0.2569319694978644	0	0	7.25	14.618539131965724	FBN2
GO_Biological_Process_2021	eye development (GO:0001654)	1/58	0.1353138517398134	0.2569319694978644	0	0	7.122448979591836	14.246025949065045	FBN2
GO_Biological_Process_2021	regulation of calcium ion transport (GO:0051924)	1/58	0.1353138517398134	0.2569319694978644	0	0	7.122448979591836	14.246025949065045	STIM2
GO_Biological_Process_2021	mitochondrial respiratory chain complex I assembly (GO:0032981)	1/58	0.1353138517398134	0.2569319694978644	0	0	7.122448979591836	14.246025949065045	NDUFS5
GO_Biological_Process_2021	NADH dehydrogenase complex assembly (GO:0010257)	1/58	0.1353138517398134	0.2569319694978644	0	0	7.122448979591836	14.246025949065045	NDUFS5
GO_Biological_Process_2021	positive regulation of cell differentiation (GO:0045597)	2/258	0.1359834100026853	0.2571621745615298	0	0	3.205403645833333	6.395493110208526	FBN2;ZFP36L1
GO_Biological_Process_2021	response to reactive oxygen species (GO:0000302)	1/59	0.1374818510452552	0.2589517595992959	0	0	6.999296270232231	13.8884471557023	HP
GO_Biological_Process_2021	response to organic cyclic compound (GO:0014070)	1/60	0.1396445230534406	0.2619731252482546	0	0	6.88031822898651	13.544974303558986	TIPARP
GO_Biological_Process_2021	B cell differentiation (GO:0030183)	1/61	0.1418018805927374	0.2639090555475946	0	0	6.76530612244898	13.214837540593155	ITGA4
GO_Biological_Process_2021	response to light stimulus (GO:0009416)	1/61	0.1418018805927374	0.2639090555475946	0	0	6.76530612244898	13.214837540593155	OPN1SW
GO_Biological_Process_2021	stress-activated MAPK cascade (GO:0051403)	1/62	0.1439539364695556	0.2645607332101227	0	0	6.654064904650385	12.897320592663672	ZFP36L1
GO_Biological_Process_2021	central nervous system development (GO:0007417)	2/268	0.1445246328363994	0.2645607332101227	0	0	3.083333333333333	5.964108059214085	CXCR4;NPAS2
GO_Biological_Process_2021	anterior/posterior pattern specification (GO:0009952)	1/63	0.1461007034145454	0.2645607332101227	0	0	6.54641211323239	12.591756250239603	HES4
GO_Biological_Process_2021	positive regulation of DNA metabolic process (GO:0051054)	1/63	0.1461007034145454	0.2645607332101227	0	0	6.54641211323239	12.591756250239603	NPAS2
GO_Biological_Process_2021	COPII vesicle coating (GO:0048208)	1/63	0.1461007034145454	0.2645607332101227	0	0	6.54641211323239	12.591756250239603	SCFD1
GO_Biological_Process_2021	vesicle coating (GO:0006901)	1/63	0.1461007034145454	0.2645607332101227	0	0	6.54641211323239	12.591756250239603	SCFD1
GO_Biological_Process_2021	vesicle targeting, rough ER to cis-Golgi (GO:0048207)	1/63	0.1461007034145454	0.2645607332101227	0	0	6.54641211323239	12.591756250239603	SCFD1
GO_Biological_Process_2021	diterpenoid metabolic process (GO:0016101)	1/64	0.1482421941802595	0.2663815673200833	0	0	6.442176870748299	12.297522293260638	OPN1SW
GO_Biological_Process_2021	plasma membrane organization (GO:0007009)	1/64	0.1482421941802595	0.2663815673200833	0	0	6.442176870748299	12.297522293260638	CXCR4
GO_Biological_Process_2021	cellular response to type I interferon (GO:0071357)	1/65	0.1503784214913892	0.268165321975139	0	0	6.341198979591836	12.01403781811508	IFITM2
GO_Biological_Process_2021	type I interferon signaling pathway (GO:0060337)	1/65	0.1503784214913892	0.268165321975139	0	0	6.341198979591836	12.01403781811508	IFITM2
GO_Biological_Process_2021	positive regulation of cell death (GO:0010942)	1/66	0.1525093979756266	0.2699128590587506	0	0	6.243328100470958	11.740759916332207	HP
GO_Biological_Process_2021	regulation of protein localization (GO:0032880)	1/66	0.1525093979756266	0.2699128590587506	0	0	6.243328100470958	11.740759916332207	CSNK1E
GO_Biological_Process_2021	positive regulation of catabolic process (GO:0009896)	1/67	0.1546351363099914	0.270611488542485	0	0	6.148423005565863	11.477180657220888	TIPARP
GO_Biological_Process_2021	regulation of viral genome replication (GO:0045069)	1/67	0.1546351363099914	0.270611488542485	0	0	6.148423005565863	11.477180657220888	IFITM2
GO_Biological_Process_2021	vascular endothelial growth factor receptor signaling pathway (GO:0048010)	1/67	0.1546351363099914	0.270611488542485	0	0	6.148423005565863	11.477180657220888	CRK
GO_Biological_Process_2021	canonical Wnt signaling pathway (GO:0060070)	1/68	0.1567556490806558	0.272563579948775	0	0	6.056350898568383	11.222824361971773	CSNK1E
GO_Biological_Process_2021	negative regulation of cellular catabolic process (GO:0031330)	1/69	0.158870948881139	0.272563579948775	0	0	5.966986794717887	10.977245117600177	HP
GO_Biological_Process_2021	cell chemotaxis (GO:0060326)	1/69	0.158870948881139	0.272563579948775	0	0	5.966986794717887	10.977245117600177	CXCR4
GO_Biological_Process_2021	cellular response to decreased oxygen levels (GO:0036294)	1/69	0.158870948881139	0.272563579948775	0	0	5.966986794717887	10.977245117600177	ZFP36L1
GO_Biological_Process_2021	aerobic electron transport chain (GO:0019646)	1/70	0.1609810482853106	0.272563579948775	0	0	5.880212954747116	10.740024519792764	NDUFS5
GO_Biological_Process_2021	positive regulation of cell-substrate adhesion (GO:0010811)	1/70	0.1609810482853106	0.272563579948775	0	0	5.880212954747116	10.740024519792764	CRK
GO_Biological_Process_2021	cellular response to light stimulus (GO:0071482)	1/70	0.1609810482853106	0.272563579948775	0	0	5.880212954747116	10.740024519792764	OPN1SW
GO_Biological_Process_2021	negative regulation of viral process (GO:0048525)	1/70	0.1609810482853106	0.272563579948775	0	0	5.880212954747116	10.740024519792764	IFITM2
GO_Biological_Process_2021	COPII-coated vesicle budding (GO:0090114)	1/70	0.1609810482853106	0.272563579948775	0	0	5.880212954747116	10.740024519792764	SCFD1
GO_Biological_Process_2021	Fc-gamma receptor signaling pathway involved in phagocytosis (GO:0038096)	1/71	0.16308595979881	0.2731689826630069	0	0	5.795918367346939	10.51076961698872	CRK
GO_Biological_Process_2021	mitochondrial ATP synthesis coupled electron transport (GO:0042775)	1/71	0.16308595979881	0.2731689826630069	0	0	5.795918367346939	10.51076961698872	NDUFS5
GO_Biological_Process_2021	phosphatidylinositol-mediated signaling (GO:0048015)	1/71	0.16308595979881	0.2731689826630069	0	0	5.795918367346939	10.51076961698872	ZFP36L1
GO_Biological_Process_2021	Fc-gamma receptor signaling pathway (GO:0038094)	1/72	0.1651856959101235	0.2747237283044254	0	0	5.713998275366484	10.28911103101624	CRK
GO_Biological_Process_2021	cell morphogenesis involved in differentiation (GO:0000904)	1/72	0.1651856959101235	0.2747237283044254	0	0	5.713998275366484	10.28911103101624	ITGA4
GO_Biological_Process_2021	regulation of actin filament-based process (GO:0032970)	1/73	0.1672802691231711	0.2752787586623412	0	0	5.634353741496598	10.074701240888364	CRK
GO_Biological_Process_2021	positive regulation of JNK cascade (GO:0046330)	1/73	0.1672802691231711	0.2752787586623412	0	0	5.634353741496598	10.074701240888364	GADD45B
GO_Biological_Process_2021	regulation of hydrolase activity (GO:0051336)	1/73	0.1672802691231711	0.2752787586623412	0	0	5.634353741496598	10.074701240888364	CRK
GO_Biological_Process_2021	Fc receptor mediated stimulatory signaling pathway (GO:0002431)	1/74	0.1693696918266344	0.2777426065268936	0	0	5.556891249650545	9.867213018330611	CRK
GO_Biological_Process_2021	actomyosin structure organization (GO:0031032)	1/76	0.1735331353639065	0.280644967191973	0	0	5.408163265306122	9.4717853003048	ACTC1
GO_Biological_Process_2021	regulation of BMP signaling pathway (GO:0030510)	1/76	0.1735331353639065	0.280644967191973	0	0	5.408163265306122	9.4717853003048	LEMD3
GO_Biological_Process_2021	RNA transport (GO:0050658)	1/76	0.1735331353639065	0.280644967191973	0	0	5.408163265306122	9.4717853003048	ZFP36L1
GO_Biological_Process_2021	cellular response to hormone stimulus (GO:0032870)	1/76	0.1735331353639065	0.280644967191973	0	0	5.408163265306122	9.4717853003048	ZFP36L1
GO_Biological_Process_2021	positive regulation of endothelial cell proliferation (GO:0001938)	1/77	0.1756071809118701	0.2820539994783119	0	0	5.336734693877551	9.283280446293812	ITGA4
GO_Biological_Process_2021	cellular response to UV (GO:0034644)	1/77	0.1756071809118701	0.2820539994783119	0	0	5.336734693877551	9.283280446293812	OPN1SW
GO_Biological_Process_2021	positive regulation of proteasomal ubiquitin-dependent protein catabolic process (GO:0032436)	1/79	0.1797399811935544	0.2867280652373368	0	0	5.199372056514914	8.923391206941128	CSNK1E
GO_Biological_Process_2021	positive regulation of ubiquitin-dependent protein catabolic process (GO:2000060)	1/79	0.1797399811935544	0.2867280652373368	0	0	5.199372056514914	8.923391206941128	CSNK1E
GO_Biological_Process_2021	negative regulation of cellular response to growth factor stimulus (GO:0090288)	1/80	0.181798760490535	0.2870828911449862	0	0	5.133298889175924	8.751529842637671	LEMD3
GO_Biological_Process_2021	response to interferon-gamma (GO:0034341)	1/80	0.181798760490535	0.2870828911449862	0	0	5.133298889175924	8.751529842637671	IFITM2
GO_Biological_Process_2021	regulation of fat cell differentiation (GO:0045598)	1/80	0.181798760490535	0.2870828911449862	0	0	5.133298889175924	8.751529842637671	ZFP36L1
GO_Biological_Process_2021	cilium assembly (GO:0060271)	2/314	0.1851004260524556	0.2913157712033614	0	0	2.6225961538461537	4.423944044737091	CSNK1E;HAUS2
GO_Biological_Process_2021	ephrin receptor signaling pathway (GO:0048013)	1/82	0.1859011384602527	0.2915974379192592	0	0	5.00604686318972	8.422875391899517	CRK
GO_Biological_Process_2021	regulation of osteoblast differentiation (GO:0045667)	1/83	0.1879447615357932	0.2930993236561293	0	0	4.944748631159781	8.265677319811374	FBN2
GO_Biological_Process_2021	response to insulin (GO:0032868)	1/84	0.1899833569114356	0.2930993236561293	0	0	4.884927464961889	8.112979399077096	ZFP36L1
GO_Biological_Process_2021	spindle assembly (GO:0051225)	1/84	0.1899833569114356	0.2930993236561293	0	0	4.884927464961889	8.112979399077096	HAUS2
GO_Biological_Process_2021	lymphocyte differentiation (GO:0030098)	1/84	0.1899833569114356	0.2930993236561293	0	0	4.884927464961889	8.112979399077096	ITGA4
GO_Biological_Process_2021	nuclear export (GO:0051168)	1/84	0.1899833569114356	0.2930993236561293	0	0	4.884927464961889	8.112979399077096	STRADA
GO_Biological_Process_2021	B cell activation (GO:0042113)	1/85	0.1920169366451308	0.2933418348096624	0	0	4.826530612244898	7.964604221414354	ITGA4
GO_Biological_Process_2021	retrograde vesicle-mediated transport, Golgi to endoplasmic reticulum (GO:0006890)	1/85	0.1920169366451308	0.2933418348096624	0	0	4.826530612244898	7.964604221414354	SCFD1
GO_Biological_Process_2021	positive regulation of protein catabolic process (GO:0045732)	1/85	0.1920169366451308	0.2933418348096624	0	0	4.826530612244898	7.964604221414354	TIPARP
GO_Biological_Process_2021	positive regulation of proteasomal protein catabolic process (GO:1901800)	1/86	0.1940455128548384	0.2954783945744131	0	0	4.769507803121249	7.820383303288144	CSNK1E
GO_Biological_Process_2021	negative regulation of binding (GO:0051100)	1/88	0.1980877029036425	0.2992780032991705	0	0	4.659394792399718	7.5437717166037235	CSNK1E
GO_Biological_Process_2021	metal ion transport (GO:0030001)	1/88	0.1980877029036425	0.2992780032991705	0	0	4.659394792399718	7.5437717166037235	MMGT1
GO_Biological_Process_2021	second-messenger-mediated signaling (GO:0019932)	1/89	0.2001013407742902	0.2992780032991705	0	0	4.606215213358071	7.411084001248333	CXCR4
GO_Biological_Process_2021	collagen fibril organization (GO:0030199)	1/89	0.2001013407742902	0.2992780032991705	0	0	4.606215213358071	7.411084001248333	P4HA1
GO_Biological_Process_2021	post-Golgi vesicle-mediated transport (GO:0006892)	1/89	0.2001013407742902	0.2992780032991705	0	0	4.606215213358071	7.411084001248333	SCFD1
GO_Biological_Process_2021	SRP-dependent cotranslational protein targeting to membrane (GO:0006614)	1/90	0.2021100231923967	0.2992780032991705	0	0	4.55423068103646	7.281955543769811	RPS4Y1
GO_Biological_Process_2021	mitochondrial respiratory chain complex assembly (GO:0033108)	1/90	0.2021100231923967	0.2992780032991705	0	0	4.55423068103646	7.281955543769811	NDUFS5
GO_Biological_Process_2021	cytokine-mediated signaling pathway (GO:0019221)	3/621	0.2024454460334983	0.2992780032991705	0	0	1.9966948977483991	3.1892904723776496	IFITM2;RHOU;CRK
GO_Biological_Process_2021	regulation of actin cytoskeleton organization (GO:0032956)	1/91	0.2041137620931186	0.2992780032991705	0	0	4.503401360544218	7.156255051106618	CRK
GO_Biological_Process_2021	intracellular protein transport (GO:0006886)	2/336	0.205066989906835	0.2992780032991705	0	0	2.447105788423153	3.8772398617417143	SCFD1;STRADA
GO_Biological_Process_2021	negative regulation of mitotic cell cycle phase transition (GO:1901991)	1/92	0.2061125694363157	0.2992780032991705	0	0	4.453689167974883	7.03385741012878	ZFP36L1
GO_Biological_Process_2021	retinoid metabolic process (GO:0001523)	1/92	0.2061125694363157	0.2992780032991705	0	0	4.453689167974883	7.03385741012878	OPN1SW
GO_Biological_Process_2021	cellular response to fibroblast growth factor stimulus (GO:0044344)	1/92	0.2061125694363157	0.2992780032991705	0	0	4.453689167974883	7.03385741012878	ZFP36L1
GO_Biological_Process_2021	positive regulation of transmembrane receptor protein serine/threonine kinase signaling pathway (GO:0090100)	1/92	0.2061125694363157	0.2992780032991705	0	0	4.453689167974883	7.03385741012878	RNF111
GO_Biological_Process_2021	Wnt signaling pathway (GO:0016055)	1/92	0.2061125694363157	0.2992780032991705	0	0	4.453689167974883	7.03385741012878	CSNK1E
GO_Biological_Process_2021	regulation of epithelial cell proliferation (GO:0050678)	1/93	0.2081064570390282	0.3012405196027908	0	0	4.40505767524401	6.914643337844717	ZFP36L1
GO_Biological_Process_2021	negative regulation of cell death (GO:0060548)	1/94	0.2100954368002021	0.3013295408541125	0	0	4.357472021066491	6.79849904676328	NPAS2
GO_Biological_Process_2021	cotranslational protein targeting to membrane (GO:0006613)	1/94	0.2100954368002021	0.3013295408541125	0	0	4.357472021066491	6.79849904676328	RPS4Y1
GO_Biological_Process_2021	nucleosome organization (GO:0034728)	1/94	0.2100954368002021	0.3013295408541125	0	0	4.357472021066491	6.79849904676328	ACTR6
GO_Biological_Process_2021	regulation of vesicle-mediated transport (GO:0060627)	1/96	0.2140587201245348	0.3051475371988049	0	0	4.26530612244898	6.5749903239841245	SCFD1
GO_Biological_Process_2021	cellular transition metal ion homeostasis (GO:0046916)	1/96	0.2140587201245348	0.3051475371988049	0	0	4.26530612244898	6.5749903239841245	MT1F
GO_Biological_Process_2021	protein maturation (GO:0051604)	1/97	0.2160330472811356	0.3051792143820861	0	0	4.220663265306122	6.46742313757927	NAA35
GO_Biological_Process_2021	positive regulation of cold-induced thermogenesis (GO:0120162)	1/97	0.2160330472811356	0.3051792143820861	0	0	4.220663265306122	6.46742313757927	CXCR4
GO_Biological_Process_2021	calcium ion homeostasis (GO:0055074)	1/97	0.2160330472811356	0.3051792143820861	0	0	4.220663265306122	6.46742313757927	STIM2
GO_Biological_Process_2021	positive regulation of defense response (GO:0031349)	1/98	0.2180025137484037	0.3070365734174214	0	0	4.176940879444562	6.362519703204576	NPAS2
GO_Biological_Process_2021	positive regulation of stress-activated MAPK cascade (GO:0032874)	1/99	0.2199671313012003	0.3088760017373141	0	0	4.134110787172012	6.26018948804807	GADD45B
GO_Biological_Process_2021	cell-matrix adhesion (GO:0007160)	1/100	0.2219269115603851	0.3106976761845391	0	0	4.092145949288806	6.1603458876211565	ITGA4
GO_Biological_Process_2021	calcium-mediated signaling (GO:0019722)	1/102	0.2258320069783284	0.3133586132332426	0	0	4.010709234188725	5.967790506031058	CXCR4
GO_Biological_Process_2021	regulation of proteasomal ubiquitin-dependent protein catabolic process (GO:0032434)	1/102	0.2258320069783284	0.3133586132332426	0	0	4.010709234188725	5.967790506031058	CSNK1E
GO_Biological_Process_2021	regulation of protein catabolic process (GO:0042176)	1/102	0.2258320069783284	0.3133586132332426	0	0	4.010709234188725	5.967790506031058	TIPARP
GO_Biological_Process_2021	protein targeting to ER (GO:0045047)	1/103	0.2277773453985499	0.314198749976235	0	0	3.971188475390156	5.874923343943355	RPS4Y1
GO_Biological_Process_2021	cellular response to organonitrogen compound (GO:0071417)	1/103	0.2277773453985499	0.314198749976235	0	0	3.971188475390156	5.874923343943355	ZFP36L1
GO_Biological_Process_2021	cellular metal ion homeostasis (GO:0006875)	1/104	0.2297178930745814	0.3149146877260126	0	0	3.932435109966317	5.78423168094792	STIM2
GO_Biological_Process_2021	mRNA transport (GO:0051028)	1/104	0.2297178930745814	0.3149146877260126	0	0	3.932435109966317	5.78423168094792	ZFP36L1
GO_Biological_Process_2021	activation of GTPase activity (GO:0090630)	1/105	0.2316536615468536	0.3149146877260126	0	0	3.8944270015698583	5.6956456810845415	SYDE2
GO_Biological_Process_2021	regulation of JNK cascade (GO:0046328)	1/105	0.2316536615468536	0.3149146877260126	0	0	3.8944270015698583	5.6956456810845415	GADD45B
GO_Biological_Process_2021	nucleotide-excision repair (GO:0006289)	1/105	0.2316536615468536	0.3149146877260126	0	0	3.8944270015698583	5.6956456810845415	RNF111
GO_Biological_Process_2021	protein processing (GO:0016485)	1/106	0.2335846623503299	0.3166219845153316	0	0	3.857142857142857	5.609098367731948	HP
GO_Biological_Process_2021	negative regulation of transmembrane receptor protein serine/threonine kinase signaling pathway (GO:0090101)	1/108	0.2374324069826741	0.3209100832128939	0	0	3.7846652679763495	5.441865346754643	LEMD3
GO_Biological_Process_2021	response to tumor necrosis factor (GO:0034612)	1/110	0.241261218690496	0.3251480217409271	0	0	3.714847406852649	5.282048795926194	ZFP36L1
GO_Biological_Process_2021	regulation of cytoskeleton organization (GO:0051493)	1/112	0.2450711886958998	0.3287787867205354	0	0	3.647545504688362	5.129202360192396	CRK
GO_Biological_Process_2021	negative regulation of programmed cell death (GO:0043069)	2/381	0.2465612635256485	0.3287787867205354	0	0	2.15160510114336	3.012558657024939	TMBIM4;NAA35
GO_Biological_Process_2021	positive regulation of metabolic process (GO:0009893)	1/113	0.2469691364760274	0.3287787867205354	0	0	3.614795918367347	5.055262825364014	CXCR4
GO_Biological_Process_2021	nuclear-transcribed mRNA catabolic process, nonsense-mediated decay (GO:0000184)	1/113	0.2469691364760274	0.3287787867205354	0	0	3.614795918367347	5.055262825364014	RPS4Y1
GO_Biological_Process_2021	activation of protein kinase activity (GO:0032147)	1/114	0.2488624078588274	0.3287787867205354	0	0	3.582625970742279	4.982913653406146	STRADA
GO_Biological_Process_2021	negative regulation of cell motility (GO:2000146)	1/114	0.2488624078588274	0.3287787867205354	0	0	3.582625970742279	4.982913653406146	CRK
GO_Biological_Process_2021	cellular response to transforming growth factor beta stimulus (GO:0071560)	1/114	0.2488624078588274	0.3287787867205354	0	0	3.582625970742279	4.982913653406146	ZFP36L1
GO_Biological_Process_2021	calcium ion transport (GO:0006816)	1/115	0.2507510141385882	0.3294179989663806	0	0	3.5510204081632653	4.9121080927455	STIM2
GO_Biological_Process_2021	positive regulation of protein metabolic process (GO:0051247)	1/115	0.2507510141385882	0.3294179989663806	0	0	3.5510204081632653	4.9121080927455	TIPARP
GO_Biological_Process_2021	adenylate cyclase-activating G protein-coupled receptor signaling pathway (GO:0007189)	1/118	0.2563889548341396	0.3340178328255874	0	0	3.4594453165881736	4.708511372057024	CRHR1
GO_Biological_Process_2021	regulation of cellular response to stress (GO:0080135)	1/118	0.2563889548341396	0.3340178328255874	0	0	3.4594453165881736	4.708511372057024	NPAS2
GO_Biological_Process_2021	negative regulation of response to external stimulus (GO:0032102)	1/118	0.2563889548341396	0.3340178328255874	0	0	3.4594453165881736	4.708511372057024	CRK
GO_Biological_Process_2021	cytoskeleton organization (GO:0007010)	1/120	0.2601244621662815	0.3379456309030084	0	0	3.4009603841536613	4.579716458908873	RHOU
GO_Biological_Process_2021	regulation of mRNA catabolic process (GO:0061013)	1/122	0.2638415777635164	0.3404353113285387	0	0	3.3444088379153314	4.456111874258477	ZFP36L1
GO_Biological_Process_2021	potassium ion transport (GO:0006813)	1/122	0.2638415777635164	0.3404353113285387	0	0	3.3444088379153314	4.456111874258477	KCNH8
GO_Biological_Process_2021	phosphorylation (GO:0016310)	2/400	0.2642184505833435	0.3404353113285387	0	0	2.046901172529313	2.7243825855585304	STRADA;CSNK1E
GO_Biological_Process_2021	defense response to symbiont (GO:0140546)	1/124	0.2675403902734135	0.343771076817071	0	0	3.2896963663514187	4.337414433160371	IFITM2
GO_Biological_Process_2021	negative regulation of growth (GO:0045926)	1/126	0.2712209880572274	0.3475482060077586	0	0	3.236734693877551	4.223360488574632	MT1F
GO_Biological_Process_2021	plasma membrane bounded cell projection organization (GO:0120036)	1/128	0.274883458910421	0.3512815864550067	0	0	3.1854411055760887	4.113704308580095	STMN4
GO_Biological_Process_2021	cellular response to insulin stimulus (GO:0032869)	1/129	0.2767079241059198	0.3513922530829569	0	0	3.1603954081632653	4.060453122404681	ZFP36L1
GO_Biological_Process_2021	muscle contraction (GO:0006936)	1/129	0.2767079241059198	0.3513922530829569	0	0	3.1603954081632653	4.060453122404681	ACTC1
GO_Biological_Process_2021	regulation of response to external stimulus (GO:0032101)	1/130	0.2785278903472666	0.3513922530829569	0	0	3.135738016136687	4.008216604624779	CXCR4
GO_Biological_Process_2021	positive regulation of canonical Wnt signaling pathway (GO:0090263)	1/130	0.2785278903472666	0.3513922530829569	0	0	3.135738016136687	4.008216604624779	CSNK1E
GO_Biological_Process_2021	cellular response to hypoxia (GO:0071456)	1/131	0.2803433684983951	0.3513922530829569	0	0	3.111459968602826	3.956968446025251	ZFP36L1
GO_Biological_Process_2021	cellular response to metal ion (GO:0071248)	1/131	0.2803433684983951	0.3513922530829569	0	0	3.111459968602826	3.956968446025251	MT1F
GO_Biological_Process_2021	regulation of apoptotic process (GO:0042981)	3/742	0.2833046813486276	0.3513922530829569	0	0	1.6593153485158207	2.092782192966935	TMBIM4;GADD45B;NAA35
GO_Biological_Process_2021	regulation of gene expression (GO:0010468)	4/1079	0.2833172179011324	0.3513922530829569	0	0	1.5267947421638015	1.925575356569311	ZNF562;ACTC1;TIPARP;ZFP36L1
GO_Biological_Process_2021	regulation of cell adhesion (GO:0030155)	1/133	0.2839609038772722	0.3513922530829569	0	0	3.0640074211502784	3.857336278341556	CXCR4
GO_Biological_Process_2021	regulation of cell motility (GO:2000145)	1/133	0.2839609038772722	0.3513922530829569	0	0	3.0640074211502784	3.857336278341556	CRK
GO_Biological_Process_2021	transmembrane receptor protein serine/threonine kinase signaling pathway (GO:0007178)	1/133	0.2839609038772722	0.3513922530829569	0	0	3.0640074211502784	3.857336278341556	RNF111
GO_Biological_Process_2021	defense response to virus (GO:0051607)	1/133	0.2839609038772722	0.3513922530829569	0	0	3.0640074211502784	3.857336278341556	IFITM2
GO_Biological_Process_2021	negative regulation of inflammatory response to antigenic stimulus (GO:0002862)	1/136	0.289353816496661	0.3561861940601942	0	0	2.99546485260771	3.714691124222948	CRHR1
GO_Biological_Process_2021	cellular calcium ion homeostasis (GO:0006874)	1/136	0.289353816496661	0.3561861940601942	0	0	2.99546485260771	3.714691124222948	STIM2
GO_Biological_Process_2021	regulation of inflammatory response to antigenic stimulus (GO:0002861)	1/137	0.2911425929329805	0.3574499373967745	0	0	2.9732893157262907	3.668866926816198	CRHR1
GO_Biological_Process_2021	potassium ion transmembrane transport (GO:0071805)	1/139	0.2947069182263764	0.3608813176192443	0	0	2.929902395740905	3.579678317757992	KCNH8
GO_Biological_Process_2021	receptor-mediated endocytosis (GO:0006898)	1/143	0.3017829564686885	0.3676265106073115	0	0	2.846795056050589	3.410594866305226	HP
GO_Biological_Process_2021	neuron development (GO:0048666)	1/143	0.3017829564686885	0.3676265106073115	0	0	2.846795056050589	3.410594866305226	STMN4
GO_Biological_Process_2021	regulation of mRNA stability (GO:0043488)	1/146	0.307044282279795	0.3730667574850359	0	0	2.7874736101337088	3.291346538126983	ZFP36L1
GO_Biological_Process_2021	nervous system development (GO:0007399)	2/447	0.3078904676985005	0.3731282412160123	0	0	1.826310861423221	2.1514146195112085	CXCR4;NPAS2
GO_Biological_Process_2021	positive regulation of cytosolic calcium ion concentration (GO:0007204)	1/147	0.3087894082520855	0.3732531764696601	0	0	2.7682415431926195	3.252948903166252	CXCR4
GO_Biological_Process_2021	positive regulation of intracellular protein transport (GO:0090316)	1/148	0.3105302270346101	0.3734325037929029	0	0	2.749271137026239	3.215201203875706	RHOU
GO_Biological_Process_2021	regulation of cytosolic calcium ion concentration (GO:0051480)	1/148	0.3105302270346101	0.3734325037929029	0	0	2.749271137026239	3.215201203875706	CXCR4
GO_Biological_Process_2021	brain development (GO:0007420)	1/150	0.3139989845586295	0.3766381681790211	0	0	2.712094233666621	3.141596466170354	CXCR4
GO_Biological_Process_2021	actin filament organization (GO:0007015)	1/152	0.3174506378807152	0.3798070131787129	0	0	2.6759021489390458	3.070418280554557	ACTC1
GO_Biological_Process_2021	positive regulation of Wnt signaling pathway (GO:0030177)	1/153	0.3191700762858281	0.3808925337863953	0	0	2.6581632653061225	3.0357052873752	CSNK1E
GO_Biological_Process_2021	positive regulation of protein kinase activity (GO:0045860)	1/154	0.3208852696222714	0.3819674909970693	0	0	2.640656262505002	3.0015590720273457	STRADA
GO_Biological_Process_2021	regulation of cell differentiation (GO:0045595)	1/156	0.3243029619756543	0.3840860837539946	0	0	2.6063199473337724	2.934917292064671	ZFP36L1
GO_Biological_Process_2021	peptidyl-serine phosphorylation (GO:0018105)	1/156	0.3243029619756543	0.3840860837539946	0	0	2.6063199473337724	2.934917292064671	CSNK1E
GO_Biological_Process_2021	cellular response to growth factor stimulus (GO:0071363)	1/158	0.3277037968552589	0.3871362234889582	0	0	2.572858442740153	2.8703970097526006	ZFP36L1
GO_Biological_Process_2021	peptide biosynthetic process (GO:0043043)	1/162	0.3344552195120095	0.3941193415857599	0	0	2.508429458740017	2.747363087126053	RPS4Y1
GO_Biological_Process_2021	adenylate cyclase-modulating G protein-coupled receptor signaling pathway (GO:0007188)	1/165	0.3394751386404204	0.3990321805071609	0	0	2.4621702339472376	2.660016849591833	CRHR1
GO_Biological_Process_2021	negative regulation of apoptotic process (GO:0043066)	2/485	0.3429022272693128	0.4020528614732693	0	0	1.6793478260869563	1.797422644350721	TMBIM4;NAA35
GO_Biological_Process_2021	peptidyl-serine modification (GO:0018209)	1/169	0.3461106816465725	0.4048027673123255	0	0	2.403061224489796	2.5496399471999527	CSNK1E
GO_Biological_Process_2021	neuron projection development (GO:0031175)	1/171	0.3494039111808349	0.4076378963776407	0	0	2.3745498199279718	2.4969025061029213	STMN4
GO_Biological_Process_2021	protein phosphorylation (GO:0006468)	2/496	0.3529487892748932	0.4107518167988211	0	0	1.641025641025641	1.709017116633574	STRADA;CSNK1E
GO_Biological_Process_2021	negative regulation of immune response (GO:0050777)	1/178	0.3608027143922477	0.4188526560642677	0	0	2.279833967485299	2.3241173885161555	CRHR1
GO_Biological_Process_2021	regulation of immune response (GO:0050776)	1/179	0.3624150547196057	0.4196855818851731	0	0	2.266911258885577	2.300835957547096	ITGA4
GO_Biological_Process_2021	positive regulation of nucleic acid-templated transcription (GO:1903508)	2/511	0.3665685304553946	0.423449854146749	0	0	1.591437459070072	1.5971185548456277	RNF111;NPAS2
GO_Biological_Process_2021	endoplasmic reticulum to Golgi vesicle-mediated transport (GO:0006888)	1/185	0.3720057294778557	0.4286749069413129	0	0	2.192324755989352	2.1678716160963645	SCFD1
GO_Biological_Process_2021	regulation of GTPase activity (GO:0043087)	1/189	0.3783208179838206	0.4348834893000291	0	0	2.1452453321754232	2.085205747179162	CRK
GO_Biological_Process_2021	negative regulation of macromolecule metabolic process (GO:0010605)	1/194	0.3861272144560919	0.4416918623900173	0	0	2.089140319340171	1.988001678572607	TIPARP
GO_Biological_Process_2021	cellular response to tumor necrosis factor (GO:0071356)	1/194	0.3861272144560919	0.4416918623900173	0	0	2.089140319340171	1.988001678572607	ZFP36L1
GO_Biological_Process_2021	protein localization to membrane (GO:0072657)	1/195	0.3876769258565263	0.4423855917924839	0	0	2.0782663580896275	1.969329769675335	ITGA4
GO_Biological_Process_2021	regulation of signal transduction (GO:0009966)	1/198	0.3923030921692546	0.4465780345324768	0	0	2.0463068476121413	1.914771355908193	CRK
GO_Biological_Process_2021	endomembrane system organization (GO:0010256)	1/199	0.3938375225272607	0.4472392204970588	0	0	2.03586889301175	1.897056906545971	LEMD3
GO_Biological_Process_2021	regulation of macromolecule metabolic process (GO:0060255)	1/200	0.3953681557510544	0.4478929107421365	0	0	2.025535842477695	1.8795714928238212	ZFP36L1
GO_Biological_Process_2021	modification-dependent protein catabolic process (GO:0019941)	1/201	0.3968950010648283	0.4485391698780831	0	0	2.01530612244898	1.8623111638641865	RNF111
GO_Biological_Process_2021	axon guidance (GO:0007411)	1/203	0.3999373645428959	0.4508909230062937	0	0	1.9951505354617092	1.8284503867148747	CXCR4
GO_Biological_Process_2021	negative regulation of inflammatory response (GO:0050728)	1/212	0.4134429066373548	0.4638868976385631	0	0	1.909178837411742	1.6862551884518755	CRHR1
GO_Biological_Process_2021	phosphate-containing compound metabolic process (GO:0006796)	1/212	0.4134429066373548	0.4638868976385631	0	0	1.909178837411742	1.6862551884518755	ISYNA1
GO_Biological_Process_2021	positive regulation of GTPase activity (GO:0043547)	1/214	0.416403436812339	0.4649838377737786	0	0	1.8910606496119573	1.656759537391559	SYDE2
GO_Biological_Process_2021	translation (GO:0006412)	1/214	0.416403436812339	0.4649838377737786	0	0	1.8910606496119573	1.656759537391559	RPS4Y1
GO_Biological_Process_2021	apoptotic process (GO:0006915)	1/231	0.4409837467017168	0.4912621786297035	0	0	1.749778172138421	1.4326260836369302	CXCR4
GO_Biological_Process_2021	axonogenesis (GO:0007409)	1/240	0.4535831041409784	0.5041006536543102	0	0	1.6831184356587825	1.3306343458644796	CXCR4
GO_Biological_Process_2021	membrane organization (GO:0061024)	1/242	0.4563449373288627	0.5059711007263277	0	0	1.6689812854602422	1.3093263562491473	LEMD3
GO_Biological_Process_2021	positive regulation of cellular process (GO:0048522)	2/625	0.4660144680358849	0.5154735507283728	0	0	1.2926029962546817	0.9869522795970046	HP;ZFP36L1
GO_Biological_Process_2021	RNA splicing, via transesterification reactions with bulged adenosine as nucleophile (GO:0000377)	1/251	0.4686048306829435	0.5171192131536483	0	0	1.6081632653061224	1.21898042864121	PRPF38A
GO_Biological_Process_2021	regulation of canonical Wnt signaling pathway (GO:0060828)	1/253	0.4712922312950381	0.518863982341251	0	0	1.5952380952380951	1.2000608149186214	CSNK1E
GO_Biological_Process_2021	cellular protein modification process (GO:0006464)	3/1025	0.4760222919123325	0.5228441566905947	0	0	1.1821626348003498	0.8775082045072261	STRADA;TIPARP;CSNK1E
GO_Biological_Process_2021	cellular component assembly (GO:0022607)	1/261	0.4819092749521712	0.5280734811975895	0	0	1.5455259026687598	1.1282329953702568	RHOU
GO_Biological_Process_2021	protein-containing complex assembly (GO:0065003)	1/267	0.4897346646287026	0.5353975704215886	0	0	1.510204081632653	1.0781219104526054	SCFD1
GO_Biological_Process_2021	regulation of transcription, DNA-templated (GO:0006355)	6/2244	0.4960895197517082	0.5410836854966306	0	0	1.079210333902023	0.7565252409314136	ZNF562;FOSB;CRK;RNF111;NPAS2;HES4
GO_Biological_Process_2021	inorganic cation transmembrane transport (GO:0098662)	1/274	0.4987179596066677	0.5414322292952019	0	0	1.4709576138147566	1.0233666205889618	KCNH8
GO_Biological_Process_2021	mRNA splicing, via spliceosome (GO:0000398)	1/274	0.4987179596066677	0.5414322292952019	0	0	1.4709576138147566	1.0233666205889618	PRPF38A
GO_Biological_Process_2021	DNA metabolic process (GO:0006259)	1/277	0.5025203266713362	0.5443003076417012	0	0	1.4547471162377994	1.0010394055052982	CSNK1E
GO_Biological_Process_2021	positive regulation of programmed cell death (GO:0043068)	1/286	0.5137586327573376	0.5551907805603487	0	0	1.4081632653061225	0.937839142501346	GADD45B
GO_Biological_Process_2021	regulation of cell cycle (GO:0051726)	1/296	0.5259539383992272	0.5670629818603162	0	0	1.359737115185057	0.8736877155004001	GADD45B
GO_Biological_Process_2021	DNA repair (GO:0006281)	1/298	0.5283567775332543	0.5683470840896703	0	0	1.3504432075860646	0.8615604955292901	CSNK1E
GO_Biological_Process_2021	mRNA processing (GO:0006397)	1/300	0.5307476794848257	0.5696124981198701	0	0	1.341273633199099	0.8496546643160489	PRPF38A
GO_Biological_Process_2021	innate immune response (GO:0045087)	1/302	0.5331267023920349	0.5708251105230453	0	0	1.3322259136212624	0.8379649939237771	IFITM2
GO_Biological_Process_2021	MAPK cascade (GO:0000165)	1/303	0.5343117772273281	0.5708251105230453	0	0	1.32774699283687	0.8321996277505203	ZFP36L1
GO_Biological_Process_2021	positive regulation of apoptotic process (GO:0043065)	1/310	0.5425251558593591	0.5782824956773623	0	0	1.2972062611452349	0.7932686422257892	GADD45B
GO_Biological_Process_2021	cellular macromolecule biosynthetic process (GO:0034645)	1/314	0.5471545986718139	0.5818945731906593	0	0	1.2803677381495728	0.7720923294539072	RPS4Y1
GO_Biological_Process_2021	negative regulation of gene expression (GO:0010629)	1/322	0.5562761693049759	0.590118062094746	0	0	1.2479496471485791	0.7319104885681406	TIPARP
GO_Biological_Process_2021	cellular response to oxygen-containing compound (GO:1901701)	1/323	0.5574036279487686	0.590118062094746	0	0	1.2440106477373558	0.7270814983759607	ZFP36L1
GO_Biological_Process_2021	cellular protein localization (GO:0034613)	1/329	0.5641096589005535	0.5958725901449541	0	0	1.2208810353409656	0.6989624697257846	SCFD1
GO_Biological_Process_2021	positive regulation of multicellular organismal process (GO:0051240)	1/345	0.5815093765862647	0.6128716800426026	0	0	1.1631466540104414	0.6305745813190116	CXCR4
GO_Biological_Process_2021	cellular response to DNA damage stimulus (GO:0006974)	1/350	0.5868058377702841	0.6170671253683032	0	0	1.1461902812701013	0.6109896633619631	CSNK1E
GO_Biological_Process_2021	ubiquitin-dependent protein catabolic process (GO:0006511)	1/354	0.5909956578792304	0.6200826924952104	0	0	1.1329710354396716	0.5958822738188654	RNF111
GO_Biological_Process_2021	gene expression (GO:0010467)	1/356	0.5930749260701463	0.6208753132296845	0	0	1.126473124461052	0.5885084653208599	RPS4Y1
GO_Biological_Process_2021	protein transport (GO:0015031)	1/369	0.6063398885560332	0.6333483468436071	0	0	1.0859582963620231	0.5433207667028247	SCFD1
GO_Biological_Process_2021	positive regulation of macromolecule metabolic process (GO:0010604)	1/384	0.62111954988037	0.6473445975419856	0	0	1.042628017264347	0.4965325169788531	ACTC1
GO_Biological_Process_2021	transmembrane receptor protein tyrosine kinase signaling pathway (GO:0007169)	1/404	0.6399826390088766	0.6655251833595635	0	0	0.989871879272801	0.4417939051458828	CRK
GO_Biological_Process_2021	protein modification by small protein conjugation (GO:0032446)	1/409	0.644552703427983	0.6687947298843451	0	0	0.9774909963985594	0.4293127610136149	RNF111
GO_Biological_Process_2021	cellular protein metabolic process (GO:0044267)	1/417	0.6517468120762254	0.6747665670281451	0	0	0.9583006279434853	0.41024765313154	RPS4Y1
GO_Biological_Process_2021	organelle organization (GO:0006996)	1/420	0.6544076492323022	0.676029047334691	0	0	0.9512931664312504	0.4033718992390181	RHOU
GO_Biological_Process_2021	organelle assembly (GO:0070925)	1/425	0.658798168385351	0.6776909376750095	0	0	0.939834424335772	0.3922286762298742	HAUS2
GO_Biological_Process_2021	regulation of transcription by RNA polymerase II (GO:0006357)	5/2206	0.6589063274622694	0.6776909376750095	0	0	0.8960068655661568	0.3737906767782196	FOSB;CRK;RNF111;NPAS2;HES4
GO_Biological_Process_2021	regulation of nucleic acid-templated transcription (GO:1903506)	1/430	0.663134010332821	0.680546719575696	0	0	0.928642785785643	0.3814661952932429	ZNF562
GO_Biological_Process_2021	positive regulation of transcription by RNA polymerase II (GO:0045944)	2/908	0.6694431207036386	0.6855214489301452	0	0	0.8758278145695364	0.3514776504163603	RNF111;NPAS2
GO_Biological_Process_2021	regulation of cellular macromolecule biosynthetic process (GO:2000112)	1/468	0.6943679720033368	0.7094958145306426	0	0	0.8514180832932745	0.3105575044475373	ZNF562
GO_Biological_Process_2021	neutrophil degranulation (GO:0043312)	1/481	0.7043872370804651	0.7173812576703145	0	0	0.8278061224489796	0.2900856337670249	HP
GO_Biological_Process_2021	positive regulation of gene expression (GO:0010628)	1/482	0.7051444771556823	0.7173812576703145	0	0	0.8260426831855403	0.2885801301950252	ACTC1
GO_Biological_Process_2021	neutrophil activation involved in immune response (GO:0002283)	1/485	0.7074048097353064	0.7181230644282656	0	0	0.8207960870298533	0.2841203737887477	HP
GO_Biological_Process_2021	neutrophil mediated immunity (GO:0002446)	1/488	0.7096481586491704	0.7188444630809092	0	0	0.815614130662532	0.2797442143304909	HP
GO_Biological_Process_2021	protein ubiquitination (GO:0016567)	1/525	0.7359678224271717	0.7438985101688439	0	0	0.7565820221218258	0.231944503707841	RNF111
GO_Biological_Process_2021	negative regulation of cellular process (GO:0048523)	1/566	0.7624057114769476	0.7689640401778245	0	0	0.700198663536211	0.1899473973942179	NPAS2
GO_Biological_Process_2021	positive regulation of transcription, DNA-templated (GO:0045893)	2/1183	0.8038594904607679	0.8090345515581548	0	0	0.6621860005644934	0.1445755914280007	RNF111;NPAS2
GO_Biological_Process_2021	negative regulation of transcription by RNA polymerase II (GO:0000122)	1/684	0.8248462645529242	0.8283787967351637	0	0	0.5757014372366809	0.1108560647358729	FOSB
GO_Biological_Process_2021	regulation of cell population proliferation (GO:0042127)	1/764	0.8577067842472734	0.8595394910512206	0	0	0.5131997753229732	0.0787725634671716	ZFP36L1
GO_Biological_Process_2021	negative regulation of transcription, DNA-templated (GO:0045892)	1/948	0.912055183209665	0.912055183209665	0	0	0.4095209361463698	0.0376983608425212	FOSB
